<?xml version="1.0"?>
<doc>
    <assembly>
        <name>Nabi.Common.Web</name>
    </assembly>
    <members>
        <member name="T:Nabi.Common.Web.JsonHelper">
            <summary>
            Contiene la funcionalidad necesaria para serializar y deserializar objetos en formato Json.
            </summary>
        </member>
        <member name="M:Nabi.Common.Web.JsonHelper.Serialize``1(``0)">
            <summary>
            Obtiene la representación en formato JSON de la información de un objeto.
            </summary>
            <typeparam name="T">Tipo concreto del objeto a serializar.</typeparam>
            <param name="element">Instancia de objeto a serializar.</param>
            <returns>Cadena en formato JSON que representa al objeto serializado.</returns>
        </member>
        <member name="M:Nabi.Common.Web.JsonHelper.Deserialize``1(System.String)">
            <summary>
            Reconstruye un objeto desde una cadena en formato JSON.
            </summary>
            <typeparam name="T">Tipo concreto del objeto a deserializar.</typeparam>
            <param name="jsonText">Cadena en formato JSON que representa al objeto serializado.</param>
            <returns>Instancia del objeto deserializado.</returns>
        </member>
        <member name="M:Nabi.Common.Web.JsonHelper.ConvertJsonDateToDateString(System.Text.RegularExpressions.Match)">
            <summary>
            Convierte fecha de string Serializado
            </summary>
        </member>
        <member name="M:Nabi.Common.Web.JsonHelper.ConvertDateStringToJsonDate(System.Text.RegularExpressions.Match)">
            <summary>
            Convierte fecha formato string a formato fecha JSon
            </summary>
        </member>
        <member name="T:Nabi.Common.Web.SortingHelper`1">
            <summary>
            Contiene operaciones para trabajar con expresiones de ordenamiento de datos para colecciones.
            </summary>
            <typeparam name="T">Tipo de dato concreto de los elementos de la colección.</typeparam>
        </member>
        <member name="F:Nabi.Common.Web.SortingHelper`1.ASCENDING_DIRECTION">
            <summary>
            Dirección ascendente.
            </summary>
        </member>
        <member name="F:Nabi.Common.Web.SortingHelper`1.DESCENDING_DIRECTION">
            <summary>
            Dirección descendente.
            </summary>
        </member>
        <member name="M:Nabi.Common.Web.SortingHelper`1.SortBy(System.Collections.Generic.IEnumerable{`0},System.String,System.String)">
            <summary>
            Permite realizar el ordenamiento de los elementos de una colección de acuerdo a la expresión de ordenamiento y la dirección indicada (ASC, DESC).
            </summary>
            <param name="dataSource">Colección de elementos a ordenar.</param>
            <param name="sortExpressionString">Expresión o campo de ordenamiento.</param>
            <param name="sortDirection">Dirección del ordenamiento (ASC, DESC).</param>
            <returns>Colección de elementos ordenada de acuerdo a los criterios especificados.</returns>
        </member>
        <member name="M:Nabi.Common.Web.SortingHelper`1.GetExpression``1(System.String)">
            <summary>
            Obtiene la expresión de predicado que corresponde a un criterio o campo de ordenamiento.
            </summary>
            <typeparam name="TParam">Tipo concreto de los elementos de la colección a ordenar.</typeparam>
            <param name="sortExpressionString">Expresión o campo de ordenamiento.</param>
            <returns>Expresión de predicado de ordenamiento.</returns>
        </member>
    </members>
</doc>
