<?xml version="1.0"?>
<doc>
    <assembly>
        <name>Nabi.Common.Email</name>
    </assembly>
    <members>
        <member name="T:Nabi.Common.Email.ConnectionStringParameter">
            <summary>
            Agrupa la información de los parámetros de conexión a un servicio de envío de mensajes a través de correo electrónico.
            </summary>
        </member>
        <member name="F:Nabi.Common.Email.ConnectionStringParameter.AccountName">
            <summary>
            Nombre de la cuenta de correo de origen.
            </summary>
        </member>
        <member name="F:Nabi.Common.Email.ConnectionStringParameter.Password">
            <summary>
            Clave de la cuenta de correo de origen.
            </summary>
        </member>
        <member name="F:Nabi.Common.Email.ConnectionStringParameter.SmtpHost">
            <summary>
            Dirección del servidor de correo saliente (SMTP).
            </summary>
        </member>
        <member name="F:Nabi.Common.Email.ConnectionStringParameter.SmtpPort">
            <summary>
            Puerto de salida del servidor de correo SMTP.
            </summary>
        </member>
        <member name="F:Nabi.Common.Email.ConnectionStringParameter.EnableSsl">
            <summary>
            Valida si se debe habiliar el SSL de seguridad.
            </summary>
        </member>
        <member name="M:Nabi.Common.Email.ConnectionStringParameter.AsEnumerable">
            <summary>
            Devuelve la lista de parámetros de conexión al servicio de envío de mensajes de correo electrónico.
            </summary>
            <returns></returns>
        </member>
        <member name="T:Nabi.Common.Email.ExchangeConnectionStringParameters">
            <summary>
            Parametros de la cadena de conexion para envio de correo
            </summary>
        </member>
        <member name="F:Nabi.Common.Email.ExchangeConnectionStringParameters.FromDirection">
            <summary>
            Remitente de la cuenta de correo exchange.
            </summary>
        </member>
        <member name="F:Nabi.Common.Email.ExchangeConnectionStringParameters.AccountName">
            <summary>
            Nombre de la cuenta de correo de origen.
            </summary>
        </member>
        <member name="F:Nabi.Common.Email.ExchangeConnectionStringParameters.AccountPassword">
            <summary>
            Clave de la cuenta de correo de origen.
            </summary>
        </member>
        <member name="F:Nabi.Common.Email.ExchangeConnectionStringParameters.Domain">
            <summary>
            Dominio del servidor
            </summary>
        </member>
        <member name="F:Nabi.Common.Email.ExchangeConnectionStringParameters.SmtpHost">
            <summary>
            Dirección del servidor de correo saliente (SMTP).
            </summary>
        </member>
        <member name="F:Nabi.Common.Email.ExchangeConnectionStringParameters.SmtpPort">
            <summary>
            Puerto de salida del servidor de correo SMTP.
            </summary>
        </member>
        <member name="M:Nabi.Common.Email.ExchangeConnectionStringParameters.AsEnumerable">
            <summary>
            Devuelve la lista de parámetros de conexión al servicio de envío de mensajes de correo electrónico.
            </summary>
            <returns></returns>
        </member>
        <member name="T:Nabi.Common.Email.ExchangeMailSender">
            <summary>
            Envio de correos por el servicio de exchange
            </summary>
        </member>
        <member name="F:Nabi.Common.Email.ExchangeMailSender.CONNECTION_STRING_PARAMETER_FIELD_SEPARATOR">
            <summary>
            Separador de campo en cadena de conexión al servicio de envío de mensajes de correo.
            </summary>
        </member>
        <member name="F:Nabi.Common.Email.ExchangeMailSender.CONNECTION_STRING_PARAMETER_VALUE_SEPARATOR">
            <summary>
            Separador de valor de parámetro en cadena de conexión al servicio de envío de mensajes de correo.
            </summary>
        </member>
        <member name="M:Nabi.Common.Email.ExchangeMailSender.#ctor(System.String)">
            <summary>
            Contructor que recibe la cadena de conexion para el envio de correos electronicos.
            </summary>
            <param name="connectionString"></param>
        </member>
        <member name="M:Nabi.Common.Email.ExchangeMailSender.LoadSmtpParameters(System.Collections.Generic.IEnumerable{System.String})">
            <summary>
            Cargar parametros desde la cadena de conexion.
            </summary>
            <param name="connectionParameters"></param>
        </member>
        <member name="M:Nabi.Common.Email.ExchangeMailSender.SendMailMessage(Microsoft.Exchange.WebServices.Data.EmailMessage,System.String@)">
            <summary>
            Realiza el envio de un mensaje de correo electrónico a partir de su representacion como objeto MailMessage.
            </summary>
            <param name="message">Instancia del objeto que representa al mensaje de envio</param>
            <param name="errorMessage">Mensaje de resultado de la operación.</param>
        </member>
        <member name="M:Nabi.Common.Email.ExchangeMailSender.IsValidConnectionString(System.String)">
            <summary>
            Determina si una cadena de conexión al servicio de envío de mensajes de correo electrónico es válida.
            </summary>
            <param name="connectionString">Cadena de conexión a validar.</param>
            <returns>true, si la cadena de conexión es válida, de lo contrario false.</returns>
        </member>
        <member name="M:Nabi.Common.Email.ExchangeMailSender.Send(System.String[],System.String,System.String,System.Collections.Generic.List{System.IO.FileStream},System.String@)">
            <summary>
            Enviar correo electronico.
            </summary>
            <param name="recipients">Para</param>
            <param name="subject">Asunto</param>
            <param name="messageBody">Mensaje.</param>
            <param name="attachmentStream">Adjuntos.</param>
            <param name="errorMessage">Mensaje de error.</param>
        </member>
        <member name="M:Nabi.Common.Email.ExchangeMailSender.IsValidMessage(Microsoft.Exchange.WebServices.Data.EmailMessage)">
            <summary>
            Establece si un mensaje de correo preparado para enviar es válido.
            </summary>
            <param name="message">Mensaje de correo a validar.</param>
            <returns>true, si el mensaje esta completo y bien formado, de lo contrario false.</returns>
        </member>
        <member name="M:Nabi.Common.Email.ExchangeMailSender.CertificateValidationCallBack(System.Object,System.Security.Cryptography.X509Certificates.X509Certificate,System.Security.Cryptography.X509Certificates.X509Chain,System.Net.Security.SslPolicyErrors)">
            <summary>
            Valida la certificacion del servicio de exchange.
            </summary>
            <param name="sender"></param>
            <param name="certificate"></param>
            <param name="chain"></param>
            <param name="sslPolicyErrors"></param>
            <returns></returns>
        </member>
        <member name="P:Nabi.Common.Email.ExchangeMailSender.Host">
            <summary>
            Dirección del servidor de salida SMTP.
            </summary>
        </member>
        <member name="P:Nabi.Common.Email.ExchangeMailSender.FromDirection">
            <summary>
            Direccion de correo electronico de la cual va a ser envio los correos electronicos.
            </summary>
        </member>
        <member name="P:Nabi.Common.Email.ExchangeMailSender.AccountName">
            <summary>
            Nombre de usuario para la cuenta por la cual enviar los correos electronicos.
            </summary>
        </member>
        <member name="P:Nabi.Common.Email.ExchangeMailSender.AccountPassword">
            <summary>
            Contraseña de usuario para la cuenta por la cual enviar los correos electronicos.
            </summary>
        </member>
        <member name="P:Nabi.Common.Email.ExchangeMailSender.Domain">
            <summary>
            Dominio por el cual enviar los correos electronico.
            </summary>
        </member>
        <member name="P:Nabi.Common.Email.ExchangeMailSender.ExchangeService">
            <summary>
            Servicio Exchange poe el cual va a ser enviado el correo electronico.
            </summary>
        </member>
        <member name="P:Nabi.Common.Email.ExchangeMailSender.EmailMessage">
            <summary>
            Mensaje a enviar
            </summary>
        </member>
        <member name="T:Nabi.Common.Email.MailSender">
            <summary>
            Contiene la funcionalidad necesaria para realizar el envio de mensajes de correo electrónico a través
            de una cuenta asociada a un servidor SMTP.
            </summary>
        </member>
        <member name="F:Nabi.Common.Email.MailSender.DEFAULT_PORT">
            <summary>
            Valor de puerto por defecto
            </summary>
        </member>
        <member name="F:Nabi.Common.Email.MailSender.CONNECTION_STRING_PARAMETER_FIELD_SEPARATOR">
            <summary>
            Separador de campo en cadena de conexión al servicio de envío de mensajes de correo.
            </summary>
        </member>
        <member name="F:Nabi.Common.Email.MailSender.CONNECTION_STRING_PARAMETER_VALUE_SEPARATOR">
            <summary>
            Separador de valor de parámetro en cadena de conexión al servicio de envío de mensajes de correo.
            </summary>
        </member>
        <member name="M:Nabi.Common.Email.MailSender.#ctor(System.String)">
            <summary>
            Inicializacion con Cadena de conexion
            </summary>
            <param name="connectionString">Cadena de conexion para el servicio de envio de e-mail.</param>
        </member>
        <member name="M:Nabi.Common.Email.MailSender.#ctor(System.String,System.String,System.String)">
            <summary>
            Inicializa una nueva instancia del servicio de envío de mensajes a través de correo electrónico.
            </summary>
            <param name="host">Dirección del servidor de salida SMTP.</param>
            <param name="senderUserAccount">Dirección de la cuenta de correo de origen.</param>
            <param name="senderPassword">Clave de la cuenta de correo de origen.</param>
        </member>
        <member name="M:Nabi.Common.Email.MailSender.#ctor(System.String,System.Int32,System.String,System.String)">
            <summary>
            Inicializa una nueva instancia del servicio de envío de mensajes a través de correo electrónico.
            </summary>
            <param name="host">Dirección del servidor de salida SMTP.</param>
            <param name="port">Puerto de salida del servidor de correo SMTP.</param>
            <param name="senderUserAccount">Dirección de la cuenta de correo de origen.</param>
            <param name="senderPassword">Clave de la cuenta de correo de origen.</param>
        </member>
        <member name="M:Nabi.Common.Email.MailSender.#ctor(System.String,System.Int32,System.String,System.String,System.Boolean)">
            <summary>
            Inicializa una nueva instancia del servicio de envío de mensajes a través de correo electrónico.
            </summary>
            <param name="host">Dirección del servidor de salida SMTP.</param>
            <param name="port">Puerto de salida del servidor de correo SMTP.</param>
            <param name="senderUserAccount">Dirección de la cuenta de correo de origen.</param>
            <param name="senderPassword">Clave de la cuenta de correo de origen.</param>
            <param name="enableSsl">Indicador de habilitación de envío de mensajes a través de SSL.</param>
        </member>
        <member name="M:Nabi.Common.Email.MailSender.Send(System.String,System.String,System.String,System.String,System.Boolean,System.String@)">
            <summary>
            Ejecuta el envío de un mensaje de correo electrónico a un destinatario. 
            </summary>
            <param name="fromDirection">Dirección de correo del remitente del mensaje.</param>
            <param name="recipient">Dirección de correo del destinatario del mensaje.</param>
            <param name="subject">>Asunto del mensaje.</param>
            <param name="body">Contenido o cuerpo del mensaje.</param>
            <param name="isBodyHtml">Indicador de contenido HTML.</param>
            <param name="errorMessage">Mensaje de resultado de la operación (Salida).</param>
        </member>
        <member name="M:Nabi.Common.Email.MailSender.Send(System.String,System.String,System.String,System.String,System.Boolean,System.IO.FileStream,System.String@)">
            <summary>
            Ejecuta el envío de un mensaje de correo electrónico a un destinatario con un archivo adjunto.
            </summary>
            <param name="fromDirection">Dirección de correo del remitente del mensaje.</param>
            <param name="recipient">Dirección de correo del destinatario del mensaje.</param>
            <param name="subject">>Asunto del mensaje.</param>
            <param name="body">Contenido o cuerpo del mensaje.</param>
            <param name="isBodyHtml">Indicador de contenido HTML.</param>
            <param name="attachmentStream">Referencia al flujo de datos del archivo adjunto.</param>
            <param name="errorMessage">Mensaje de resultado de la operación (Salida).</param>
        </member>
        <member name="M:Nabi.Common.Email.MailSender.Send(System.String,System.String[],System.String,System.String,System.Boolean,System.String@)">
            <summary>
            Ejecuta el envío de un mensaje de correo electrónico a un grupo de destinatarios.
            </summary>
            <param name="fromDirection">Dirección de correo del remitente del mensaje.</param>
            <param name="recipients">Direcciones de correo de los destinatarios.</param>
            <param name="subject">Asunto del mensaje.</param>
            <param name="body">Contenido o cuerpo del mensaje.</param>
            <param name="isBodyHtml">Indicador de contenido HTML.</param>
            <param name="errorMessage">Mensaje de resultado de la operación (Salida).</param>
        </member>
        <member name="M:Nabi.Common.Email.MailSender.Send(System.String,System.String[],System.String,System.String,System.Boolean,System.IO.FileStream,System.String@)">
            <summary>
            Ejecuta el envío de un mensaje de correo electrónico a un grupo de destinatarios con un archivo adjunto.
            </summary>
            <param name="fromDirection">Dirección de correo del remitente del mensaje.</param>
            <param name="recipients">Direcciones de correo de los destinatarios.</param>
            <param name="subject">Asunto del mensaje.</param>
            <param name="body">Contenido o cuerpo del mensaje.</param>
            <param name="isBodyHtml">Indicador de contenido HTML.</param>
            <param name="attachmentStream">Referencia al flujo de datos del archivo adjunto.</param>
            <param name="errorMessage">Mensaje de resultado de la operación (Salida).</param>
        </member>
        <member name="M:Nabi.Common.Email.MailSender.SendWithAttachments(System.String,System.String,System.String,System.String,System.Collections.Generic.List{System.IO.FileStream},System.String@)">
            <summary>
            Ejecuta el envío de un mensaje de correo electrónico a un grupo de destinatarios con un archivos adjuntos.
            </summary>
            <param name="fromDirection">Dirección de correo del remitente del mensaje.</param>
            <param name="recipient">Direccion de correo del destinatario.</param>
            <param name="subject">Asunto del mensaje.</param>
            <param name="body">Contenido o cuerpo del mensaje.</param>
            <param name="attachmentStream">Referencia al flujo de datos del archivo adjunto.</param>
            <param name="errorMessage">Mensaje de resultado de la operación (Salida).</param>
        </member>
        <member name="M:Nabi.Common.Email.MailSender.SendWithAttachments(System.String,System.String[],System.String,System.String,System.Collections.Generic.List{System.IO.FileStream},System.String@)">
            <summary>
            Ejecuta el envío de un mensaje de correo electrónico a un grupo de destinatarios con un archivos adjuntos.
            </summary>
            <param name="fromDirection">Dirección de correo del remitente del mensaje.</param>
            <param name="recipients">Direcciones de correo de los destinatarios.</param>
            <param name="subject">Asunto del mensaje.</param>
            <param name="body">Contenido o cuerpo del mensaje.</param>
            <param name="attachmentStream">Referencia al flujo de datos del archivo adjunto.</param>
            <param name="errorMessage">Mensaje de resultado de la operación (Salida).</param>
        </member>
        <member name="M:Nabi.Common.Email.MailSender.SendMailMessage(System.Net.Mail.MailMessage,System.String@)">
            <summary>
            Realiza el envio de un mensaje de correo electrónico a partir de su representacion como objeto MailMessage.
            </summary>
            <param name="message">Instancia del objeto que representa al mensaje de envio</param>
            <param name="errorMessage">Mensaje de resultado de la operación.</param>
        </member>
        <member name="M:Nabi.Common.Email.MailSender.IsValidMessage(System.Net.Mail.MailMessage)">
            <summary>
            Establece si un mensaje de correo preparado para enviar es válido.
            </summary>
            <param name="message">Mensaje de correo a validar.</param>
            <returns>true, si el mensaje esta completo y bien formado, de lo contrario false.</returns>
        </member>
        <member name="M:Nabi.Common.Email.MailSender.IsValidConnectionString(System.String)">
            <summary>
            Determina si una cadena de conexión al servicio de envío de mensajes de correo electrónico es válida.
            </summary>
            <param name="connectionString">Cadena de conexión a validar.</param>
            <returns>true, si la cadena de conexión es válida, de lo contrario false.</returns>
        </member>
        <member name="M:Nabi.Common.Email.MailSender.Dispose">
            <summary>
            Releases all resources used by an instance of the <see cref="T:Nabi.Common.Email.MailSender"/> class.
            </summary>
            <remarks>
            This method calls the virtual <see cref="M:Nabi.Common.Email.MailSender.Dispose(System.Boolean)"/> method, passing in true, 
            and then suppresses 
            finalization of the instance.
            </remarks>
        </member>
        <member name="M:Nabi.Common.Email.MailSender.Finalize">
            <summary>
            Releases unmanaged resources before an instance of the <see cref="T:Nabi.Common.Email.MailSender"/> 
            class is reclaimed by garbage collection.
            </summary>
            <remarks>
            NOTE: Leave out the finalizer altogether if this class doesn't 
            own unmanaged resources itself, but leave the other methods
            exactly as they are.
            This method releases unmanaged resources by calling the virtual 
            <see cref="M:Nabi.Common.Email.MailSender.Dispose(System.Boolean)"/> method, passing in false.
            </remarks>
        </member>
        <member name="M:Nabi.Common.Email.MailSender.Dispose(System.Boolean)">
            <summary>
            Releases the unmanaged resources used by an instance of the 
            <see cref="T:Nabi.Common.Email.MailSender"/> class and optionally releases the managed resources.
            </summary>
            <param name="disposing">true to release both managed and unmanaged resources;        
            false to release only unmanaged resources.</param>
        </member>
        <member name="P:Nabi.Common.Email.MailSender.Host">
            <summary>
            Dirección del servidor de salida SMTP.
            </summary>
        </member>
        <member name="P:Nabi.Common.Email.MailSender.HostPort">
            <summary>
            Puerto del servidor de salida SMTP.
            </summary>
        </member>
        <member name="P:Nabi.Common.Email.MailSender.EnableSsl">
            <summary>
            Indicador de habilitación de envío de mensajes a través de SSL.
            </summary>
        </member>
        <member name="P:Nabi.Common.Email.MailSender.AccountCredentials">
            <summary>
            Credenciales de conexión al servidor SMTP.
            </summary>
        </member>
        <member name="P:Nabi.Common.Email.MailSender.SendingClient">
            <summary>
            Instancia del cliente de envío de correo.
            </summary>
        </member>
    </members>
</doc>
